{"fold_id": 0, "train_losses": [6.8428358011520825, 1.4045295807031484, 0.9718727859166952, 0.7291391973312085, 0.6216223520728258, 0.5560616868046614, 0.5370630561732329, 0.5042851587327627, 0.5104276658250735, 0.4935289555444167, 0.4825773832316582, 0.4822851869349296, 0.4689092693420557, 0.4644901551879369, 0.46872441986432445], "train_accs": [0.39065123647129435, 0.6917615979818938, 0.7642581178561504, 0.8004335165543567, 0.8143698183896912, 0.8237721848886801, 0.8248894530899906, 0.8301372520868797, 0.8287503921344239, 0.8318303820109938, 0.8344439003760914, 0.8348939077297133, 0.8384834715857773, 0.8395785452116957, 0.8394606636037827], "test_loss": 0.45127482368395877, "test_acc": 0.8424529432026133, "learning_rate": 0.0013292918943162175, "latent_dim": 62, "n_hidden": 79, "gru_dim": 42, "n_conv_layers": 1, "n_hidden_layers": 1, "n_gru_layers": 1, "n_fc_layers": 3, "embedding_dim": 18, "teacher_forcing_ratio": 0.8759278817295955, "beta": 4.622589001020832}