{"fold_id": 1, "train_losses": [7.082162505159011, 1.3794650355210671, 0.9173106522514269, 0.7070300579071045, 0.6265951165786157, 0.5685818519156712, 0.5563248327145209, 0.525597968353675, 0.5124348998069763, 0.49474377672259623, 0.48790547710198623, 0.48489916038054687, 0.4750445310312968, 0.4659191370010376, 0.4634765667410997], "train_accs": [0.3040095732352495, 0.6873908435293843, 0.7696281892677268, 0.802038386664372, 0.8106957718275614, 0.8197246441702846, 0.8198598653179433, 0.8253148265968319, 0.8283806194970014, 0.831861569911955, 0.8339708709665051, 0.8344974539074782, 0.8372017829799734, 0.8399014243757661, 0.8408878325196306], "test_loss": 0.4677625825771919, "test_acc": 0.8400898326419469, "learning_rate": 0.0013292918943162175, "latent_dim": 62, "n_hidden": 79, "gru_dim": 42, "n_conv_layers": 1, "n_hidden_layers": 1, "n_gru_layers": 1, "n_fc_layers": 3, "embedding_dim": 18, "teacher_forcing_ratio": 0.8759278817295955, "beta": 4.622589001020832}