{"fold_id": 4, "train_losses": [1.8453616820848906, 0.5469302598100442, 0.47702430761777437, 0.45371367352513164, 0.42929830574072325, 0.4176902432854359, 0.41060745544158495, 0.39618572420798814, 0.3976090278189916, 0.39121433118214977, 0.38826053131085175, 0.38554103586536187, 0.377603460676395, 0.37842311882055724, 0.37384116047850025], "train_accs": [0.6475899818966687, 0.8160034697135051, 0.8359817595066529, 0.8424199026969154, 0.8496866449992355, 0.8532134867837154, 0.85613911838197, 0.8600529423356923, 0.8597734257435916, 0.8619871813871407, 0.8625496928537785, 0.8637322785745537, 0.8658481961222493, 0.8662244134604867, 0.8668847050688523], "test_loss": 0.3655034166115981, "test_acc": 0.8689181336173067, "learning_rate": 0.005484672324769937, "latent_dim": 50, "n_hidden": 66, "gru_dim": 64, "n_conv_layers": 1, "n_hidden_layers": 2, "n_gru_layers": 1, "n_fc_layers": 2, "embedding_dim": 14, "teacher_forcing_ratio": 0.8885789705296614, "beta": 1.8766870441105812}