{"fold_id": 2, "train_losses": [1.9148213433531613, 0.5466489347700889, 0.4852943391754077, 0.4592895642496072, 0.43461919547273564, 0.42318551815473116, 0.4141269621367638, 0.40485602187422604, 0.4008760896439736, 0.38931553495618015, 0.37704342890244263, 0.38453199857702625, 0.38059246052916235, 0.37092104898049283, 0.36877424040665996], "train_accs": [0.6482108693565928, 0.8169072119675223, 0.8332165582341032, 0.8407583709234832, 0.8473771346515145, 0.8513340120155698, 0.8540542221106296, 0.8569287099321733, 0.8577754229610367, 0.8612492458867237, 0.8648038743089976, 0.8632443636774196, 0.8647353169437805, 0.8671627191411075, 0.8681538368493431], "test_loss": 0.35837036027358127, "test_acc": 0.8708171402425805, "learning_rate": 0.005484672324769937, "latent_dim": 50, "n_hidden": 66, "gru_dim": 64, "n_conv_layers": 1, "n_hidden_layers": 2, "n_gru_layers": 1, "n_fc_layers": 2, "embedding_dim": 14, "teacher_forcing_ratio": 0.8885789705296614, "beta": 1.8766870441105812}