{"fold_id": 3, "train_losses": [7.39801624417305, 1.3221207822744663, 0.9028004470926064, 0.716606043279171, 0.6260371093566601, 0.571656577862226, 0.5335173251537176, 0.5081905456116567, 0.4972662633428207, 0.4903906500683381, 0.4700636978332813, 0.4759747294279245, 0.4615096071591744, 0.46147498201865417, 0.46070958043520266], "train_accs": [0.3784954560772068, 0.7029272593404073, 0.7732172494848942, 0.8001035456901812, 0.8115166948627287, 0.8198995338323886, 0.8266044339495173, 0.8310481936810795, 0.8336148800446582, 0.8345542228380131, 0.8389246482764112, 0.8380453929710776, 0.8409294658432103, 0.8409987990840694, 0.8409436721439545], "test_loss": 0.440601368363087, "test_acc": 0.8457314189889895, "learning_rate": 0.0013292918943162175, "latent_dim": 62, "n_hidden": 79, "gru_dim": 42, "n_conv_layers": 1, "n_hidden_layers": 1, "n_gru_layers": 1, "n_fc_layers": 3, "embedding_dim": 18, "teacher_forcing_ratio": 0.8759278817295955, "beta": 4.622589001020832}